ID,Age,Gender,Income,Region,Q1_Satisfaction,Q2_EaseOfUse,Q3_Recommendation,Q4_Value,Q5_Reliability,SignupDate
1,69,2,62450.71,2,3,1,1,3,5,2025-09-04
2,41,2,52926.04,3,3,2,5,1,3,2024-07-21
3,24,2,64715.33,3,2,2,4,1,2,2024-05-15
4,33,3,77845.45,1,3,3,1,4,3,2025-11-22
5,63,1,51487.7,3,5,2,3,1,2,2024-11-25
6,70,3,51487.95,2,3,2,1,3,5,2024-11-02
7,28,2,78688.19,4,5,5,2,4,1,2024-10-16
8,32,2,66511.52,3,3,4,4,1,4,2024-08-12
9,58,1,47957.88,2,1,3,3,4,2,2025-11-19
10,54,2,63138.4,4,3,3,5,4,4,2024-07-14
11,58,3,48048.73,2,5,1,3,5,1,2025-10-03
12,33,3,48014.05,4,4,5,3,5,5,2025-11-22
13,25,3,58629.43,4,2,5,1,1,1,2026-03-19
14,65,3,26300.8,1,4,2,2,4,1,2025-06-23
15,20,1,29126.23,3,2,5,3,1,5,2024-07-02
16,72,2,46565.69,4,3,3,1,2,2,2025-07-28
17,22,2,39807.53,3,2,5,1,5,4,2025-03-19
18,22,1,59713.71,2,5,4,2,2,3,2024-05-20
19,62,3,41379.64,4,5,1,1,2,2,2024-05-19
20,39,2,33815.44,2,5,3,3,5,2,2024-07-07
21,21,1,76984.73,1,3,4,1,1,1,2024-10-12
22,26,1,51613.36,3,1,5,3,5,1,2024-10-23
23,34,1,56012.92,1,2,5,3,4,1,2025-05-23
24,25,1,33628.78,2,5,4,4,3,4,2025-08-06
25,52,1,46834.26,1,1,4,3,5,3,2024-05-16
26,75,2,56663.84,3,5,2,5,3,3,2025-07-05
27,55,3,37735.1,4,4,1,5,5,3,2024-09-27
28,75,2,60635.47,1,2,3,4,5,4,2025-11-03
29,49,3,45990.42,3,3,2,3,5,5,2025-09-12
30,64,3,50624.59,1,2,1,3,1,5,2025-10-22
31,48,3,45974.4,3,1,1,5,4,5,2025-06-23
32,57,3,82784.17,4,1,1,3,2,5,2025-03-17
33,37,3,54797.54,2,4,1,3,4,5,2024-10-14
34,59,1,39134.34,1,1,3,5,4,5,2025-04-09
35,21,3,67338.17,1,5,2,2,3,4,2025-07-27
36,68,2,36687.35,3,3,2,4,3,2,2024-11-28
37,37,1,58132.95,3,3,3,2,2,2,2026-01-14
38,39,1,25604.95,2,2,1,3,1,3,2026-03-02
39,32,2,35077.21,3,4,3,5,5,4,2024-05-01
40,57,3,57952.92,2,2,2,4,4,2,2025-12-06
41,37,2,66077.0,1,4,5,4,5,5,2026-01-11
42,31,3,57570.52,2,5,5,3,5,4,2024-08-28
43,43,3,53265.28,4,4,4,1,2,2,2025-10-20
44,59,3,50483.44,1,4,1,3,3,1,2025-03-20
45,71,1,32822.17,4,2,1,5,1,2,2025-01-15
46,69,2,44202.34,4,1,1,5,3,1,2024-11-27
47,71,1,48090.42,4,3,1,4,5,4,2024-08-24
48,41,2,70856.83,1,3,5,5,1,1,2024-10-10
49,38,1,60154.27,4,1,2,5,5,4,2025-12-10
50,24,1,28554.4,1,2,4,4,4,4,2025-01-12
51,73,3,59861.26,1,1,2,1,5,2,2024-07-14
52,67,2,49223.77,3,3,3,4,3,2,2024-07-07
53,59,1,44846.17,3,1,2,1,4,3,2025-02-15
54,28,3,64175.14,4,3,2,5,3,3,2024-07-10
55,18,1,70464.99,4,4,3,2,3,1,2025-01-29
56,42,2,68969.2,4,4,5,5,5,5,2026-02-13
57,35,3,42411.74,1,5,3,2,2,5,2025-01-18
58,28,2,50361.81,2,1,4,2,2,2,2025-08-07
59,43,1,59968.95,2,5,1,4,5,2,2024-11-17
60,44,3,69633.18,2,3,2,4,4,3,2026-01-12
61,55,1,47812.39,4,1,2,3,3,2,2024-05-29
62,74,1,52215.12,2,4,1,4,1,3,2025-11-13
63,62,3,38404.98,3,4,4,1,1,4,2025-04-17
64,20,3,37056.9,1,3,4,3,5,4,2025-06-16
65,61,2,67187.89,1,3,1,3,4,2,2024-07-31
66,32,1,75343.6,1,1,5,2,2,2,2026-04-12
67,18,1,53919.85,4,4,2,4,2,5,2025-02-14
68,50,2,70052.99,2,5,5,4,4,3,2024-06-26
69,66,3,60424.54,1,3,1,2,1,5,2025-06-28
70,22,3,45323.2,3,5,5,4,1,5,2024-12-09
71,56,3,60420.93,4,2,1,1,3,3,2026-01-30
72,44,2,78070.55,3,5,3,2,3,1,2025-08-27
73,32,3,54462.61,1,1,4,5,3,3,2025-08-19
74,73,2,78469.65,3,3,3,5,1,1,2026-03-14
75,73,2,15703.82,3,2,3,3,3,1,2026-02-24
76,33,1,67328.54,4,5,4,2,2,2,2025-01-31
77,31,1,56305.71,4,2,5,5,3,2,2025-07-18
78,40,2,50514.89,3,4,2,5,5,5,2024-09-22
79,64,1,56376.41,3,3,2,3,2,1,2025-10-25
80,26,3,25186.47,3,4,5,5,5,2,2024-06-19
81,44,3,51704.92,3,3,5,4,3,4,2024-05-31
82,36,2,60356.69,1,4,1,4,3,5,2025-09-21
83,57,1,77168.41,1,2,3,3,1,1,2024-10-20
84,63,1,47225.95,2,4,4,3,4,2,2025-12-17
85,66,3,42872.6,3,5,3,2,3,4,2024-12-06
86,21,2,47473.64,1,4,5,3,5,1,2024-06-26
87,60,3,68731.03,2,4,1,4,1,1,2026-02-19
88,33,1,59931.27,1,5,3,3,2,5,2024-10-23
89,53,1,47053.6,1,3,3,4,1,2,2026-02-28
90,63,3,62699.01,3,5,3,1,1,4,2024-07-13
91,71,2,56456.16,4,5,3,2,2,3,2025-02-15
92,20,3,69529.67,2,3,5,3,2,5,2024-11-27
93,43,3,44469.2,4,5,2,5,5,3,2025-04-13
94,48,3,50085.07,3,5,3,3,5,2,2025-09-01
95,36,3,49118.38,4,2,4,3,3,5,2026-02-02
96,46,1,33047.28,4,3,3,4,4,3,2025-02-03
97,41,2,59441.8,1,3,3,1,1,3,2024-08-30
98,37,2,58915.83,2,2,4,4,3,4,2025-02-07
99,60,1,55076.7,2,3,1,1,3,5,2025-01-26
100,62,3,51481.19,3,4,2,4,2,3,2024-10-05
101,74,2,33769.44,3,4,1,5,2,1,2025-09-28
102,27,2,48690.32,3,2,3,1,2,5,2024-11-19
103,60,2,49859.28,4,1,1,3,1,1,2025-10-23
104,30,3,42965.84,3,3,3,4,2,4,2026-04-23
105,48,2,52580.71,1,5,3,4,1,4,2025-10-08
106,30,3,61060.76,2,4,3,5,3,1,2025-09-11
107,51,2,83292.79,1,4,1,1,4,2,2024-06-20
108,43,1,57618.67,2,1,4,4,4,4,2025-08-12
109,66,3,58863.26,4,1,1,2,1,5,2025-09-01
110,41,1,53883.31,4,2,3,3,5,4,2024-09-05
111,36,1,26218.43,1,1,5,2,4,2,2025-06-14
112,27,2,54602.29,2,2,4,5,1,1,2025-11-13
113,68,2,55903.45,2,1,3,1,5,4,2024-11-02
114,73,3,91948.63,4,1,1,4,3,2,2024-08-30
115,22,1,52114.59,2,1,5,1,5,5,2025-04-20
116,59,1,59523.21,2,2,1,5,1,5,2025-02-14
117,19,3,54479.32,3,2,5,2,5,1,2024-11-21
118,41,3,37469.83,4,2,5,4,3,3,2026-04-14
119,41,2,72142.34,1,4,5,4,3,5,2025-09-05
120,27,2,66279.0,1,2,4,5,4,5,2025-10-12
121,50,3,66865.48,2,5,3,2,3,3,2025-07-02
122,47,3,41359.19,4,3,3,3,5,3,2024-10-13
123,40,1,76041.91,1,2,5,2,3,3,2025-10-09
124,41,1,33972.23,3,3,4,1,2,2,2025-01-02
125,57,3,63802.86,3,4,1,3,1,1,2026-02-09
126,66,1,87856.83,3,5,3,1,3,5,2025-12-13
127,44,2,40141.96,1,5,1,2,2,1,2025-12-19
128,41,1,46505.53,2,5,5,1,5,5,2024-06-08
129,19,1,56494.77,4,3,3,3,3,5,2024-10-20
130,58,1,47447.87,1,5,3,1,2,3,2026-01-24
131,28,3,31740.05,3,1,2,2,2,5,2024-05-20
132,61,1,56028.44,3,4,2,4,1,1,2026-01-11
133,54,2,39065.44,3,2,1,3,5,2,2024-12-27
134,24,1,62103.89,1,5,5,4,4,3,2025-03-03
135,75,3,41208.64,3,4,4,5,3,4,2024-11-19
136,38,2,78249.02,1,4,2,3,4,3,2024-06-16
137,48,1,43251.2,2,2,2,5,1,2,2024-10-06
138,19,1,50169.08,4,1,2,3,4,1,2026-04-05
139,67,2,67202.76,1,5,3,3,3,3,2025-07-10
140,48,2,36537.04,1,1,5,2,5,4,2026-03-07
141,72,2,58411.9,3,5,2,1,3,1,2025-11-04
142,50,2,74607.14,1,4,3,2,1,1,2024-12-26
143,41,3,30887.75,1,5,1,4,4,3,2024-10-08
144,39,3,57769.51,3,2,5,2,2,3,2025-09-17
145,63,1,58898.24,4,5,3,3,3,1,2025-05-18
146,58,1,66727.34,2,3,1,1,2,4,2025-02-27
147,68,1,36445.74,4,5,1,4,2,2,2026-03-14
148,70,2,35193.15,4,1,1,4,3,2,2026-04-06
149,67,1,62829.12,4,2,1,5,4,1,2025-09-07
150,21,1,59454.77,2,1,2,4,2,3,2025-04-17
151,49,3,58757.39,1,4,2,5,1,2,2024-08-14
152,68,3,60196.72,3,2,1,3,5,2,2024-11-17
153,45,2,44799.63,1,4,1,1,3,4,2024-08-12
154,51,2,58483.81,3,5,2,4,1,2,2024-11-03
155,51,1,59396.09,3,5,3,5,4,4,2025-11-25
156,60,1,44284.73,1,3,1,2,5,2,2025-07-06
157,60,2,82986.62,3,1,3,5,2,1,2025-06-18
158,48,2,62107.49,2,4,4,4,5,1,2024-11-16
159,63,1,37130.45,4,2,1,1,4,1,2025-11-27
160,61,3,64848.3,3,4,1,3,2,5,2025-07-24
161,56,1,40379.77,3,5,3,1,3,1,2025-03-24
162,24,3,66806.27,2,1,5,3,2,4,2026-03-24
163,20,1,72378.93,3,4,2,1,1,1,2025-07-23
164,61,1,42689.77,4,2,1,2,3,4,2025-03-02
165,74,3,69450.64,4,1,4,1,5,4,2025-02-01
166,45,1,61191.71,1,4,5,1,4,4,2024-10-13
167,67,1,67330.9,1,5,4,2,3,3,2024-08-11
168,37,2,83451.89,3,5,4,1,1,5,2025-05-26
169,71,2,51319.18,4,1,1,1,5,2,2025-05-14
170,27,1,43693.96,1,5,2,1,5,5,2024-07-05
171,40,2,41657.28,2,2,5,3,3,3,2025-12-04
172,55,3,42762.85,3,2,2,2,3,5,2024-06-01
173,56,2,53843.47,4,5,4,5,2,4,2026-02-23
174,70,2,60117.28,4,3,1,3,3,1,2024-07-20
175,31,3,59150.36,2,4,4,5,5,1,2024-08-22
176,59,2,67407.75,4,4,1,1,5,2,2025-08-26
177,33,1,55195.03,4,4,2,1,5,3,2024-08-28
178,34,1,76803.01,1,3,2,1,1,1,2026-01-01
179,69,3,51030.15,3,3,3,4,5,5,2025-10-06
180,26,2,95802.54,1,5,2,1,4,1,2025-03-19
181,58,2,64385.01,2,5,1,4,1,3,2025-08-02
182,45,2,42142.64,4,5,5,2,4,4,2024-06-14
183,53,3,38936.61,1,4,4,4,3,1,2025-02-18
184,61,1,62237.09,1,3,4,4,2,5,2025-02-16
185,71,2,51648.06,3,3,1,3,4,3,2025-08-01
186,65,2,65710.01,3,2,3,4,5,5,2025-04-24
187,70,3,62098.56,2,5,1,4,3,5,2025-06-10
188,40,1,53907.57,4,2,4,3,4,3,2024-11-07
189,41,3,42298.09,4,2,4,1,2,1,2025-06-29
190,64,2,32277.29,4,2,2,3,2,5,2026-02-23
191,36,3,48302.28,3,2,3,4,2,1,2024-05-04
192,56,1,67845.98,3,5,3,5,4,4,2025-10-06
193,67,2,58211.41,4,3,4,5,3,2,2025-11-06
194,63,3,36313.92,2,1,2,1,5,1,2024-07-23
195,26,1,57597.71,2,4,2,4,1,2,2025-10-07
196,21,1,60779.76,3,3,5,5,1,2,2026-03-14
197,61,2,41742.14,1,2,3,1,1,2,2025-06-17
198,45,1,57305.88,4,1,1,1,1,3,2025-11-30
199,47,3,55873.13,3,1,3,4,5,4,2024-11-19
200,40,1,37855.45,1,4,5,3,1,2,2025-12-13
201,74,3,60366.81,3,5,3,5,5,5,2025-09-05
202,49,1,63411.77,2,2,2,2,3,2,2025-01-15
203,73,1,71245.77,1,1,1,2,5,3,2024-07-21
204,73,1,70807.03,1,3,3,2,5,5,2024-12-09
205,25,3,34334.96,1,1,5,4,2,5,2025-03-29
206,70,3,40932.62,1,3,3,5,2,3,2024-08-26
207,49,1,62725.53,3,3,2,5,3,4,2025-04-13
208,25,2,62706.79,4,2,5,1,2,1,2024-04-28
209,63,1,62725.72,2,5,3,5,4,3,2025-11-07
210,59,1,112790.97,2,1,2,5,2,1,2026-03-07
211,33,1,63563.36,3,4,3,1,1,1,2025-11-05
212,25,2,72033.48,1,5,3,3,5,4,2024-11-16
213,18,3,69310.03,1,1,5,4,5,1,2025-05-19
214,68,1,64770.87,1,3,1,3,3,3,2025-12-08
215,42,3,50270.96,4,1,2,2,4,5,2024-09-11
216,21,1,66384.54,1,5,2,5,1,1,2025-05-25
217,40,1,43407.62,4,1,3,1,2,2,2026-04-04
218,75,1,51447.72,3,3,1,2,1,1,2024-07-17
219,67,3,47719.55,3,1,2,5,3,2,2026-03-03
220,53,1,56228.11,4,5,5,4,2,1,2025-08-24
221,65,2,89719.88,2,4,1,1,5,3,2024-12-13
222,65,2,26991.02,2,3,3,2,5,1,2026-02-08
223,22,3,65293.9,1,4,3,2,2,1,2025-09-04
224,24,2,30809.26,4,1,2,4,4,4,2025-05-25
225,61,1,47921.02,4,5,1,1,4,5,2025-08-12
226,75,3,71334.26,4,2,4,2,4,3,2024-09-27
227,53,2,55964.2,4,4,4,3,2,3,2024-08-22
228,38,1,38833.83,4,5,5,3,2,5,2025-02-10
229,74,2,44270.44,4,4,3,2,4,3,2025-12-09
230,21,1,65193.97,4,5,4,4,5,2,2024-08-29
231,37,2,44044.5,1,3,1,3,2,4,2025-06-18
232,46,2,58246.88,3,1,1,2,3,3,2025-12-21
233,34,3,55683.58,3,3,2,4,2,5,2026-04-12
234,55,1,45225.99,2,1,1,3,3,4,2025-06-11
235,26,2,87159.16,1,5,5,2,3,1,2026-04-09
236,24,2,64508.79,2,3,3,1,4,1,2024-04-26
237,69,1,24622.86,1,5,3,1,5,5,2025-08-04
238,25,3,57796.81,3,2,5,5,5,3,2025-01-02
239,36,3,45073.2,2,5,4,5,4,2,2025-05-10
240,41,2,67786.5,3,1,2,4,4,1,2024-05-11
241,57,3,43112.19,2,1,3,1,5,2,2024-07-21
242,65,3,53278.95,3,3,1,4,4,3,2026-04-17
243,69,3,62574.81,1,1,3,2,4,1,2025-02-01
244,21,2,67986.33,3,3,2,5,3,1,2026-03-09
245,23,2,36995.55,1,4,5,5,3,5,2026-01-31
246,62,3,49982.48,3,5,4,5,5,5,2026-01-12
247,23,2,47875.82,1,5,5,2,3,5,2024-12-20
248,29,2,45200.06,2,1,3,5,2,1,2024-10-28
249,57,3,81481.81,3,1,2,4,5,3,2024-06-09
250,37,3,61074.73,1,5,3,4,5,5,2024-10-30
251,34,2,36086.74,1,3,5,2,5,5,2026-03-08
252,75,2,68767.93,3,5,3,1,2,3,2025-07-10
253,43,1,86832.34,3,4,2,3,2,5,2024-06-26
254,42,3,70486.98,1,2,1,5,3,2,2024-07-01
255,75,3,32209.45,3,3,1,5,5,1,2025-11-15
256,37,1,47736.49,3,1,4,4,2,1,2025-05-08
257,69,2,74003.67,2,2,3,4,5,2,2026-01-19
258,29,1,44384.96,4,2,2,1,4,3,2024-06-18
259,26,3,61657.29,3,3,5,3,5,2,2025-12-07
260,64,1,66619.51,2,2,2,2,2,2,2025-06-13
261,59,3,41096.04,3,4,3,3,1,3,2025-12-11
262,21,3,54107.12,4,5,4,2,3,4,2024-08-01
263,60,1,12000.0,3,3,4,2,2,1,2024-08-03
264,24,2,39634.19,1,4,4,4,5,1,2025-09-20
265,49,2,51211.48,2,5,4,3,4,2,2025-04-30
266,58,3,36283.25,2,4,4,3,5,5,2025-06-27
267,34,2,79486.17,2,1,5,1,5,1,2024-09-01
268,43,3,33547.88,4,2,3,1,2,4,2024-11-17
269,72,1,48399.33,3,1,2,4,5,1,2025-06-09
270,25,2,56961.11,2,1,5,1,3,3,2026-03-04
271,41,2,76619.1,2,3,4,1,1,4,2025-08-10
272,57,2,33462.07,3,2,4,3,5,5,2025-03-20
273,44,2,72447.46,1,3,5,2,3,4,2024-10-07
274,25,3,55153.5,3,1,3,2,1,3,2026-04-17
275,45,3,40277.37,2,2,5,3,2,2,2025-06-18
276,72,1,61931.55,1,1,1,2,4,3,2025-12-03
277,73,2,57985.9,3,4,1,5,1,5,2025-11-13
278,75,1,45996.75,3,5,1,2,5,4,2025-10-13
279,63,1,56047.03,2,3,1,5,5,5,2024-09-29
280,22,1,49220.3,2,1,3,1,1,4,2025-10-31
281,50,2,56702.76,1,4,4,5,5,5,2024-12-24
282,24,2,64931.96,4,1,4,4,1,4,2025-03-01
283,56,1,78790.25,3,1,2,1,3,3,2025-09-29
284,58,1,36432.77,4,5,3,2,1,5,2025-09-12
285,32,3,86995.5,3,4,3,1,4,4,2025-02-10
286,32,1,25718.68,4,3,5,3,4,3,2025-04-01
287,74,3,52723.22,3,1,2,2,1,1,2026-03-25
288,58,1,63824.76,1,3,4,5,3,4,2025-06-02
289,73,1,59214.88,3,1,1,3,5,4,2025-04-11
290,52,3,45659.51,2,4,5,4,4,3,2024-07-28
291,70,1,51878.17,3,4,3,3,2,5,2024-11-04
292,43,1,47604.99,4,2,4,5,1,3,2024-10-17
293,55,2,46159.53,4,5,1,1,1,5,2024-06-14
294,27,3,67744.03,1,3,5,4,3,1,2025-01-13
295,36,1,60355.23,2,5,4,4,3,4,2024-05-12
296,47,1,44606.36,2,4,1,3,2,4,2025-07-26
297,50,3,68494.0,4,4,2,2,1,1,2025-06-30
298,58,1,59609.49,4,1,4,1,3,2,2024-10-21
299,52,2,67192.93,3,2,3,2,3,5,2025-07-27
300,47,3,64444.43,2,1,1,5,2,5,2024-10-14
301,70,3,42565.07,2,4,2,5,1,4,2024-05-01
302,26,2,46597.28,3,2,5,4,5,5,2024-06-20
303,53,3,66209.4,2,1,4,1,3,3,2025-10-27
304,53,3,64155.55,1,5,1,2,2,4,2025-08-29
305,51,3,54686.48,3,3,1,4,4,2,2024-06-10
306,44,2,56759.91,1,5,4,1,5,4,2024-10-20
307,20,3,74164.97,3,1,4,3,4,1,2024-06-17
308,42,1,46126.43,3,4,5,4,4,5,2026-03-30
309,20,3,63206.46,2,5,4,1,4,1,2024-05-20
310,68,1,51967.11,1,2,4,4,1,2,2026-02-22
311,42,2,51734.78,2,4,5,3,2,1,2025-01-07
312,69,1,71481.65,3,3,1,4,5,1,2024-06-20
313,27,2,67381.25,2,3,4,1,4,5,2025-05-30
314,19,2,67202.64,2,1,5,2,1,3,2024-10-27
315,34,1,74582.18,4,4,2,2,4,2,2024-11-28
316,60,1,55315.06,4,2,1,5,3,4,2025-09-27
317,39,2,65229.29,4,2,2,2,2,1,2025-05-08
318,58,1,50346.0,2,4,2,5,1,1,2024-10-09
319,30,1,59862.5,4,3,3,2,3,1,2025-06-18
320,25,2,53047.85,4,2,5,2,4,3,2024-08-06
321,51,2,56454.94,2,5,4,4,5,5,2025-11-08
322,57,2,63927.36,1,2,3,3,4,1,2026-04-22
323,35,3,42726.69,2,1,2,1,4,1,2026-03-12
324,35,3,86385.81,4,5,4,4,4,3,2025-07-13
325,49,3,39909.74,4,5,5,3,3,5,2025-07-17
326,72,1,36787.17,3,3,1,1,5,1,2025-04-28
327,21,2,72371.66,3,1,4,5,4,1,2024-10-31
328,57,2,66874.94,3,2,3,4,4,5,2025-12-26
329,69,2,64361.8,3,2,1,5,1,1,2025-04-28
330,50,3,64425.18,3,3,1,4,5,1,2026-01-13
331,62,3,54816.3,3,2,1,4,4,3,2025-03-08
332,18,2,41541.18,4,3,5,5,4,3,2024-09-20
333,28,2,56137.07,1,3,5,4,5,2,2024-07-08
334,61,1,44842.57,1,3,1,3,4,1,2024-07-10
335,26,2,69626.8,1,2,2,4,3,4,2025-09-19
336,73,2,52794.14,4,3,2,3,3,1,2025-03-26
337,55,1,42617.54,3,1,4,5,1,3,2025-01-26
338,66,3,50179.21,1,5,1,2,5,4,2025-03-21
339,24,1,61193.97,4,3,5,2,5,1,2025-03-11
340,38,2,46544.13,3,1,1,5,3,3,2025-04-23
341,71,1,42666.69,4,1,3,3,1,5,2026-02-25
342,27,2,58655.31,1,2,5,2,3,4,2025-11-13
343,64,2,58674.5,3,3,1,2,2,5,2024-06-07
344,67,2,47395.85,2,5,4,3,5,5,2025-10-01
345,63,3,47934.43,2,5,3,1,4,1,2025-09-15
346,27,2,58480.75,4,1,2,5,5,1,2025-09-09
347,43,1,33278.73,1,3,3,5,5,5,2024-07-11
348,74,3,33888.04,3,3,1,3,5,4,2024-06-12
349,51,1,44223.34,2,5,1,3,3,5,2025-03-04
350,36,2,51798.29,4,4,5,4,5,5,2025-11-12
351,24,3,59663.61,2,1,3,2,2,5,2025-01-14
352,54,1,77130.34,1,5,4,5,1,2,2026-01-07
353,57,3,67864.89,3,2,2,4,1,4,2026-02-24
354,57,1,52600.92,1,3,3,1,3,5,2024-07-19
355,29,1,54714.76,1,4,5,5,3,2,2024-11-05
356,46,2,39962.06,2,1,5,2,3,1,2024-09-21
357,30,2,54722.3,4,4,5,2,1,4,2024-09-20
358,42,3,50670.12,3,3,2,2,5,3,2025-06-16
359,55,1,59840.78,1,4,3,3,5,5,2025-04-09
360,68,3,42591.54,1,4,1,1,1,4,2024-08-12
361,45,3,62790.2,4,2,2,4,2,5,2025-03-19
362,39,3,77991.08,3,5,1,1,2,1,2024-09-15
363,62,1,53368.6,2,3,4,2,4,2,2024-11-28
364,51,1,61025.68,1,2,5,4,3,1,2025-04-20
365,66,3,65352.16,3,3,1,2,4,4,2024-11-06
366,24,1,48981.69,2,1,4,3,5,2,2026-03-06
367,23,2,58361.39,3,4,2,1,1,3,2026-04-13
368,71,1,55188.89,4,1,1,5,1,3,2024-06-23
369,46,1,56465.14,4,4,5,2,1,1,2025-04-05
370,50,1,43404.85,2,2,2,3,5,2,2026-01-13
371,49,3,55367.65,4,2,4,3,3,2,2026-02-24
372,34,1,62469.97,2,1,3,2,4,1,2026-02-19
373,71,2,76767.15,1,3,4,2,3,5,2025-06-27
374,65,3,69389.06,2,4,1,2,5,2,2024-07-11
375,50,1,87297.74,4,1,4,1,5,1,2024-06-04
376,26,2,43489.79,2,3,4,4,5,3,2025-09-14
377,64,3,68084.81,1,4,2,1,2,2,2025-06-19
378,64,1,57750.13,1,4,1,1,2,4,2026-02-04
379,19,3,87847.04,3,2,3,4,4,1,2024-05-07
380,25,2,42875.53,4,5,2,2,4,4,2024-07-07
381,18,2,42404.17,2,1,4,5,3,5,2026-04-15
382,58,2,46009.11,4,1,4,1,4,1,2025-12-02
383,36,1,23141.56,4,5,3,4,5,5,2026-02-14
384,52,1,47113.67,2,1,4,3,4,3,2024-10-26
385,48,3,43613.01,2,1,4,1,4,3,2024-09-02
386,61,1,57255.91,4,3,1,5,4,4,2025-03-07
387,40,3,60126.34,2,2,3,1,1,4,2025-05-08
388,24,3,83142.56,2,3,5,3,5,4,2025-05-04
389,32,1,69256.36,2,5,5,2,2,3,2024-10-09
390,32,1,46346.45,1,4,4,4,1,1,2026-02-26
391,20,2,41523.78,1,3,5,2,5,1,2025-03-03
392,73,2,62378.79,1,2,1,5,5,2,2026-03-27
393,58,1,35196.5,1,1,2,5,1,5,2024-06-10
394,64,1,82471.88,1,4,2,1,4,4,2024-08-31
395,53,1,72691.6,3,4,1,1,2,1,2025-02-14
396,27,1,47962.37,2,4,3,1,5,2,2024-04-27
397,53,1,29302.98,2,5,1,2,2,1,2025-02-23
398,40,1,75308.09,3,5,1,5,2,3,2024-11-17
399,19,2,53281.9,3,2,5,1,5,5,2026-04-15
400,28,2,73567.24,1,5,5,3,4,5,2025-12-26
401,23,2,31083.59,4,1,5,5,5,2,2025-12-26
402,33,2,46009.37,3,3,3,1,3,1,2025-04-14
403,52,1,55078.66,1,5,3,2,3,5,2024-12-03
404,19,1,55704.71,3,5,2,1,1,2,2025-03-20
405,24,1,48249.02,2,2,5,1,3,4,2025-10-19
406,56,1,64342.75,2,1,3,3,2,2,2025-11-14
407,27,3,38985.69,2,3,5,2,4,1,2025-12-25
408,30,3,52864.31,4,2,3,2,3,5,2025-07-01
409,54,1,56804.43,1,3,4,5,4,3,2025-09-22
410,24,2,62716.58,4,1,5,3,4,3,2025-11-05
411,70,3,65674.22,1,4,4,3,2,1,2025-05-09
412,75,2,38130.37,3,4,1,2,5,3,2024-08-24
413,69,1,31988.29,1,1,2,5,5,4,2024-09-20
414,26,2,74165.15,4,3,3,2,3,3,2024-12-12
415,20,2,59984.71,1,1,4,5,1,3,2024-10-12
416,25,1,43772.7,4,4,5,4,4,1,2024-06-10
417,49,1,78267.28,4,4,1,5,5,5,2025-07-19
418,55,3,56735.12,4,1,3,3,1,5,2025-11-18
419,26,1,72689.46,3,3,2,3,4,3,2025-06-21
420,52,2,56012.78,1,1,2,3,3,4,2024-06-12
421,44,2,85911.22,2,3,2,5,5,3,2025-11-27
422,58,2,81330.11,2,1,1,2,4,3,2024-12-25
423,23,2,51265.54,3,4,5,5,5,4,2024-06-09
424,69,2,69573.56,2,3,1,1,2,3,2024-06-03
425,46,3,64680.64,3,3,1,4,5,3,2025-07-23
426,32,1,75529.47,3,4,2,2,1,5,2025-05-01
427,23,2,40526.15,4,3,4,5,1,4,2025-05-21
428,58,1,65290.77,2,5,1,4,3,1,2026-04-10
429,43,2,70876.37,2,5,3,5,5,1,2026-02-17
430,54,1,28618.91,2,5,5,1,2,1,2025-06-12
431,38,1,37251.12,4,4,3,2,2,5,2024-08-26
432,44,3,24411.52,3,4,1,5,1,2,2024-06-09
433,68,1,50958.9,4,5,1,1,1,2,2025-05-25
434,47,3,65763.13,4,3,4,2,4,1,2024-06-27
435,62,2,77535.36,4,4,3,2,4,4,2026-02-16
436,40,1,56111.42,3,1,1,5,1,4,2024-09-17
437,45,1,79429.23,2,4,4,4,4,3,2024-06-18
438,34,1,34298.48,2,5,5,4,2,5,2025-08-01
439,58,2,29449.26,1,3,1,5,3,3,2024-06-17
440,49,2,54166.78,3,2,2,5,2,2,2025-10-02
441,43,3,60760.98,3,5,5,5,4,5,2026-02-24
442,45,2,54509.58,4,1,4,5,5,3,2024-10-25
443,66,1,23988.37,1,5,4,1,5,3,2025-03-05
444,65,1,53663.2,2,1,4,2,1,2,2024-07-28
445,24,2,35432.96,3,2,2,2,3,5,2026-03-18
446,38,2,65045.09,1,2,4,1,5,5,2025-07-12
447,36,3,60498.97,2,3,3,1,3,2,2024-11-03
448,21,3,40901.8,1,4,4,5,1,4,2025-07-19
449,36,3,47292.0,2,4,1,5,1,5,2025-07-31
450,29,2,39111.8,3,1,3,1,3,4,2024-05-26
451,64,1,54059.81,3,3,1,3,1,1,2025-08-20
452,21,1,69327.13,2,4,5,2,2,1,2024-06-28
453,74,2,40214.11,2,1,4,3,5,2,2025-03-17
454,41,1,62560.7,2,2,4,3,4,4,2025-09-18
455,50,2,47046.14,3,3,1,5,4,5,2025-07-23
456,69,2,43106.91,3,3,2,4,2,1,2025-07-09
457,37,1,53394.54,1,4,2,5,4,4,2025-06-06
458,40,3,39471.37,1,2,1,4,1,5,2024-12-27
459,19,2,46695.26,3,4,2,4,5,5,2026-04-22
460,24,2,37031.83,3,4,2,4,4,4,2024-11-14
461,41,2,84470.88,1,2,4,5,3,5,2024-10-01
462,66,2,55528.95,2,5,2,5,2,4,2025-09-28
463,73,1,44504.12,4,1,3,5,5,1,2025-11-03
464,51,2,58209.7,4,4,3,2,3,4,2024-12-26
465,45,2,53315.08,2,4,2,3,5,4,2024-10-28
466,34,3,51685.46,1,1,4,2,1,4,2024-11-18
467,44,3,64212.5,3,2,5,4,5,4,2025-02-27
468,48,1,66362.62,2,5,1,3,1,5,2024-08-05
469,48,2,47042.48,1,5,5,4,3,3,2025-09-29
470,19,3,46362.73,1,5,5,4,3,1,2025-09-09
471,50,3,50874.22,3,2,4,2,5,2,2024-12-15
472,19,3,20471.18,4,3,5,4,3,1,2025-04-16
473,38,1,32272.13,1,1,4,2,2,4,2024-12-27
474,31,1,75503.11,3,5,4,4,3,4,2026-04-17
475,32,2,79674.52,3,4,5,5,1,1,2025-11-30
476,26,2,51264.46,3,1,5,4,2,1,2026-04-22
477,65,1,63648.35,3,1,3,1,4,1,2024-06-21
478,52,1,59668.75,2,5,1,4,5,1,2024-05-03
479,58,2,101183.21,2,2,1,3,1,1,2025-04-16
480,37,3,71793.62,4,5,5,2,2,3,2025-08-21
481,53,2,53081.24,4,1,4,4,5,4,2025-07-07
482,31,1,40666.89,3,5,3,2,3,3,2024-07-12
483,61,1,30903.31,3,5,4,5,2,5,2024-06-21
484,66,3,58051.95,2,1,1,1,5,2,2025-06-17
485,66,3,43654.74,2,2,3,1,1,3,2024-10-08
486,62,3,33666.19,3,4,1,1,1,4,2025-05-23
487,39,2,45301.41,2,5,5,1,3,5,2024-11-17
488,47,1,38776.78,2,2,2,2,4,1,2024-08-06
489,27,3,80307.12,2,2,5,4,2,3,2026-04-20
490,19,3,68224.6,4,3,5,1,2,1,2025-01-22
491,31,2,54880.41,2,5,3,1,1,5,2026-03-11
492,56,1,77199.16,4,5,4,4,5,5,2024-06-18
493,66,2,56160.52,1,2,1,3,3,4,2026-03-09
494,66,2,42080.74,4,5,2,1,4,4,2024-11-01
495,74,3,77846.86,2,2,1,4,5,1,2025-02-07
496,70,1,63083.65,2,5,3,5,1,2,2024-12-03
497,44,2,39441.31,2,2,4,1,4,1,2024-08-26
498,53,2,52144.92,4,3,1,1,4,5,2025-04-01
499,59,1,41865.73,2,5,2,1,5,1,2026-02-02
500,67,2,34258.0,3,3,4,2,1,1,2025-06-21
501,35,2,68892.66,1,2,5,4,3,2,2025-10-24
502,25,1,83641.25,4,5,4,1,2,5,2024-12-16
503,23,2,34021.49,4,3,2,2,5,3,2025-08-14
504,67,3,63444.54,2,4,2,2,1,2,2026-01-12
505,45,3,45240.36,1,5,1,4,5,5,2025-09-15
506,20,3,47693.12,3,2,2,4,4,2,2025-06-10
507,55,3,46114.09,1,3,1,1,2,4,2024-05-02
508,30,2,42040.14,1,3,2,2,2,5,2025-09-26
509,50,1,55727.82,1,2,1,1,2,4,2026-01-20
510,25,1,42535.75,2,2,5,1,5,3,2025-06-30
511,36,2,59056.85,1,1,1,3,1,1,2024-12-14
512,46,1,54246.43,1,1,3,3,1,1,2026-04-19
513,37,1,51415.78,4,1,4,1,3,1,2025-09-23
514,46,1,41386.55,4,4,2,5,1,4,2024-07-15
515,59,3,46348.43,3,1,2,1,5,4,2026-04-25
516,47,1,66330.87,3,2,3,3,3,5,2026-03-09
517,18,1,62513.76,2,1,3,2,5,4,2024-08-08
518,56,2,40336.67,4,5,4,5,5,5,2024-11-17
519,53,1,56489.98,1,1,3,3,3,1,2024-07-24
520,44,1,66270.81,2,5,4,1,4,4,2026-03-18
521,46,1,29958.92,4,4,1,4,2,4,2024-07-18
522,56,3,63150.4,3,3,2,3,4,2,2025-11-23
523,68,2,45060.64,2,4,3,4,1,2,2025-06-29
524,58,1,63558.98,4,5,3,5,4,3,2024-08-24
525,67,3,43551.11,3,2,4,3,2,3,2024-11-23
526,24,2,27926.77,4,1,5,5,3,1,2024-11-30
527,71,3,30586.86,4,3,1,1,3,1,2025-08-08
528,71,1,55721.27,2,2,4,1,1,1,2024-10-06
529,36,3,58895.84,3,2,3,2,3,3,2025-11-04
530,63,1,41435.25,1,4,2,1,3,2,2025-01-17
531,63,1,64578.89,4,1,3,4,4,2,2024-10-01
532,59,3,30077.2,4,5,4,5,1,1,2025-10-11
533,52,2,54008.8,3,5,1,2,4,5,2025-08-31
534,57,2,36834.76,2,2,4,5,4,4,2026-02-17
535,33,1,45222.46,4,1,5,4,4,3,2024-11-17
536,19,2,55710.98,1,4,2,1,5,4,2025-05-23
537,54,3,42093.8,2,5,1,3,2,3,2025-05-10
538,64,3,49231.67,2,5,1,5,2,3,2024-11-07
539,62,2,70094.39,4,2,4,2,1,4,2026-03-30
540,69,1,46346.62,2,2,3,5,3,1,2026-04-01
541,18,2,67535.38,4,5,5,5,3,1,2026-02-12
542,29,3,38054.4,2,2,2,1,5,5,2024-06-04
543,45,3,62947.06,2,3,1,5,3,1,2024-07-06
544,20,3,76623.53,3,1,5,1,2,2,2025-08-31
545,28,1,17925.33,2,4,5,2,2,1,2025-03-21
546,24,2,43046.57,2,1,5,5,5,2,2026-01-30
547,52,2,63656.08,3,4,2,5,3,3,2024-11-26
548,24,1,51954.32,1,5,2,2,4,4,2024-05-30
549,55,1,60567.19,4,1,3,4,3,2,2024-04-28
550,63,3,45940.22,2,4,3,3,4,5,2025-01-10
551,26,3,56298.85,3,1,4,1,3,5,2025-12-15
552,46,3,52664.84,1,3,4,5,3,1,2024-08-05
553,71,2,72516.73,2,3,1,3,4,5,2025-09-02
554,72,3,58816.31,4,1,2,5,5,2,2024-11-15
555,27,1,60064.04,2,3,2,1,1,5,2024-08-29
556,18,3,48821.85,2,4,2,1,4,5,2025-11-22
557,64,2,47685.91,4,3,1,5,5,1,2025-04-04
558,67,1,48511.63,1,5,1,2,5,5,2025-06-28
559,33,1,60916.78,1,3,2,4,4,3,2025-10-26
560,50,3,48685.23,4,3,2,3,4,1,2025-03-24
561,58,2,59346.62,1,3,2,4,4,1,2025-07-05
562,64,1,86131.01,1,1,4,3,1,2,2024-05-03
563,45,3,68066.87,4,2,1,2,1,3,2024-07-21
564,27,2,50109.65,3,2,3,1,5,1,2024-06-23
565,49,3,73018.21,2,4,5,5,1,5,2026-03-12
566,36,3,48878.87,4,1,1,1,2,2,2025-10-14
567,57,3,24428.13,3,1,2,2,4,4,2026-03-29
568,36,1,39878.71,1,1,2,3,4,1,2024-08-19
569,18,3,26938.12,4,3,3,3,5,3,2025-06-23
570,22,1,49727.3,4,2,2,4,1,2,2024-05-23
571,72,3,55276.28,2,3,4,2,2,4,2026-02-03
572,62,3,80146.56,2,1,4,4,5,3,2025-02-06
573,65,3,59903.91,4,4,2,3,1,3,2025-07-22
574,53,1,51713.49,3,5,2,4,2,1,2025-06-29
575,68,3,67441.08,2,5,1,3,1,5,2024-08-19
576,33,2,21832.97,4,1,2,1,3,5,2025-03-25
577,61,3,58534.22,3,5,2,4,3,3,2024-08-02
578,38,1,66562.98,1,2,5,2,4,1,2024-05-28
579,52,1,32821.21,2,4,5,3,5,5,2024-12-21
580,59,1,72156.31,4,2,1,4,4,5,2025-02-03
581,70,2,60077.45,2,4,4,1,5,1,2026-03-25
582,65,2,48770.68,1,2,4,5,4,5,2026-04-20
583,62,3,64491.73,4,2,1,5,3,2,2026-01-04
584,44,1,89060.39,1,4,5,1,3,1,2026-02-23
585,23,2,57727.99,1,3,3,4,5,4,2024-05-26
586,61,1,58723.31,4,4,4,2,3,5,2026-03-25
587,39,3,48109.59,4,4,3,2,1,5,2025-01-28
588,47,3,42252.33,2,4,3,3,5,5,2024-10-06
589,30,3,67455.04,2,3,5,4,1,1,2025-10-07
590,49,2,42158.74,4,1,1,4,5,4,2024-11-05
591,60,2,56073.49,2,3,3,1,1,1,2025-09-26
592,62,1,47835.14,4,1,3,1,1,3,2024-07-14
593,51,1,62184.7,4,3,2,1,3,2,2025-01-25
594,52,1,60004.93,4,1,5,3,5,4,2025-12-22
595,60,2,70563.1,4,3,4,1,1,3,2025-07-04
596,22,3,47349.75,4,5,4,3,1,1,2026-03-13
597,44,1,50951.88,1,3,3,2,3,3,2026-03-06
598,58,1,40318.54,2,4,4,5,1,5,2025-03-07
599,63,2,48335.6,4,5,4,1,2,1,2025-08-21
600,19,1,60659.51,1,1,5,3,5,3,2025-11-29
601,30,1,66354.83,2,2,5,5,5,1,2024-08-24
602,34,1,41167.52,1,3,4,1,3,5,2026-04-15
603,54,3,68044.09,2,5,5,4,5,3,2026-04-18
604,43,2,75334.57,2,3,3,1,5,3,2024-10-26
605,40,3,61201.52,1,1,2,3,4,5,2026-02-26
606,27,3,83151.94,4,5,2,4,1,2,2024-08-30
607,25,2,43393.16,1,4,5,1,1,2,2026-01-07
608,39,1,36330.18,2,1,1,2,3,5,2026-01-15
609,18,3,28319.2,1,4,3,4,1,3,2024-09-10
610,64,3,77440.66,2,4,1,1,3,5,2026-03-11
611,51,2,64815.48,2,2,2,5,4,3,2025-03-12
612,33,3,54166.23,3,3,5,1,2,4,2024-05-15
613,56,3,59199.53,2,4,4,5,1,2,2024-09-12
614,40,1,38117.66,2,1,4,2,1,1,2025-11-19
615,72,1,91686.28,3,2,4,4,4,1,2026-04-14
616,47,3,56938.32,3,3,3,4,3,2,2025-01-09
617,20,1,56640.92,4,1,2,3,1,1,2025-12-24
618,39,1,65886.5,2,5,1,1,3,2,2026-04-18
619,74,1,62215.14,2,5,1,2,1,5,2025-03-11
620,37,3,58358.26,1,3,1,2,2,4,2026-01-09
621,21,2,43142.88,2,4,3,4,2,4,2025-09-28
622,32,1,62072.03,3,5,4,2,5,3,2026-02-26
623,59,2,83230.37,1,3,2,1,4,2,2025-11-17
624,59,3,75181.3,1,3,1,2,2,2,2026-01-15
625,24,2,78897.8,2,2,2,4,4,1,2024-11-04
626,54,3,47331.76,1,4,2,5,3,3,2024-11-19
627,69,1,40155.93,4,4,2,4,5,4,2024-08-27
628,64,1,53113.2,3,5,4,3,1,5,2025-12-28
629,65,1,55835.87,4,1,2,5,5,1,2025-10-22
630,40,1,71412.87,2,4,5,2,2,4,2024-07-18
631,48,3,29613.03,4,4,1,4,3,4,2025-02-17
632,37,3,77943.25,2,4,5,4,2,1,2026-03-04
633,71,3,52629.88,2,4,1,3,3,1,2024-05-26
634,31,2,48596.78,3,1,5,3,2,2,2026-02-21
635,65,1,39818.43,4,1,1,3,2,5,2025-04-26
636,24,3,30177.15,3,1,5,1,1,1,2024-10-15
637,43,3,67347.56,3,2,4,1,3,5,2024-09-28
638,64,1,56099.77,3,2,3,4,1,4,2026-01-20
639,32,3,35650.59,1,2,5,2,1,4,2026-04-09
640,38,2,35573.82,3,2,1,5,3,3,2025-04-18
641,47,1,49963.23,2,1,1,3,2,3,2025-01-22
642,65,1,80035.32,1,1,4,4,5,2,2024-12-19
643,64,1,51106.13,3,3,4,4,2,4,2026-01-23
644,63,1,32452.86,2,2,3,5,2,3,2026-01-03
645,43,1,51313.85,1,3,3,4,2,3,2026-03-03
646,73,3,50909.15,4,4,4,2,3,1,2024-10-19
647,32,3,14546.7,2,2,5,2,1,4,2024-10-16
648,23,2,54185.58,3,2,3,2,4,4,2024-05-14
649,71,3,51535.98,1,4,2,2,1,2,2025-09-20
650,33,3,65443.1,3,3,5,2,5,5,2024-09-23
651,33,1,82734.34,3,2,3,4,1,2,2025-03-01
652,38,3,71898.48,1,4,2,5,5,2,2025-01-05
653,22,3,50966.67,4,4,3,3,5,4,2024-11-28
654,52,3,38402.11,4,3,4,1,4,4,2026-02-26
655,20,1,93600.4,2,5,5,2,5,4,2024-06-18
656,37,2,55888.28,1,3,2,4,3,1,2025-12-17
657,42,3,55208.94,2,4,5,1,4,1,2024-11-28
658,53,1,54638.12,2,3,3,4,4,2,2025-01-23
659,36,3,57971.27,1,1,1,3,3,5,2025-09-06
660,49,3,52834.59,4,3,5,1,1,5,2025-05-26
661,69,2,46395.07,3,5,3,3,4,4,2025-03-02
662,71,3,46797.12,1,1,1,1,2,3,2025-10-05
663,44,3,54508.7,1,2,5,1,1,3,2026-02-10
664,28,3,46848.63,2,1,4,3,2,4,2025-06-16
665,46,2,44307.31,2,1,4,4,1,2,2025-01-08
666,21,2,56596.45,2,1,4,2,2,3,2026-04-25
667,66,1,51175.34,3,5,1,5,2,4,2024-05-17
668,67,2,77559.89,4,3,4,1,4,4,2024-07-24
669,28,2,15235.45,3,1,5,2,1,5,2026-03-08
670,60,2,71372.6,3,5,1,1,1,5,2024-11-14
671,43,3,73691.28,4,5,3,3,4,3,2024-09-11
672,55,1,23899.15,2,2,1,5,3,2,2025-07-20
673,70,2,49859.69,4,1,2,4,5,5,2024-11-18
674,53,1,49428.39,4,2,4,3,2,2,2024-05-25
675,31,1,33887.32,3,4,4,1,5,3,2024-07-19
676,34,3,43332.75,4,2,3,4,3,4,2025-08-02
677,26,2,38341.36,4,4,5,5,5,4,2025-03-29
678,37,3,81284.06,3,5,2,1,3,2,2025-01-19
679,24,1,69035.18,1,1,3,2,5,3,2025-11-12
680,33,3,74073.33,3,1,2,4,5,5,2025-12-27
681,21,3,65825.08,1,5,5,5,1,3,2024-12-25
682,51,1,38064.22,2,2,4,1,4,1,2025-03-30
683,30,2,47132.2,4,3,2,2,2,3,2025-08-09
684,71,2,62340.62,3,5,1,3,1,3,2025-05-28
685,62,3,36668.08,4,1,3,1,4,2,2024-07-24
686,32,1,65694.98,2,2,3,3,1,1,2025-02-19
687,38,3,51395.12,4,2,2,2,2,4,2026-03-25
688,64,1,49377.69,2,1,2,2,2,2,2025-07-17
689,39,3,65664.4,4,3,1,2,5,3,2024-09-20
690,62,3,61663.95,1,2,1,1,2,1,2024-11-09
691,75,3,49585.51,4,5,3,4,5,3,2024-05-30
692,33,1,72389.95,2,4,5,4,3,5,2025-10-28
693,65,1,38784.05,3,5,2,2,1,3,2025-03-30
694,44,1,64239.03,1,2,1,1,2,4,2024-04-27
695,51,1,63896.52,4,5,1,4,3,4,2025-06-03
696,25,1,50356.8,3,1,5,2,4,4,2026-04-14
697,43,2,59892.0,3,3,3,3,5,1,2026-01-12
698,37,3,36233.3,3,4,1,3,1,5,2025-06-18
699,72,3,68860.41,3,4,1,2,5,5,2025-10-11
700,40,1,52226.47,3,1,4,3,2,5,2025-11-05
701,73,3,47159.15,1,5,3,2,2,1,2026-04-26
702,59,3,70735.14,1,3,1,1,2,3,2025-11-23
703,67,3,44434.84,4,3,4,5,5,1,2025-11-19
704,19,1,33873.08,3,2,3,4,3,5,2025-09-28
705,58,2,31650.56,1,4,4,2,3,5,2024-09-26
706,37,2,64090.15,3,4,2,4,5,5,2025-02-02
707,36,3,35793.56,3,3,5,2,2,3,2025-03-26
708,31,1,81321.91,4,3,4,5,3,4,2024-06-19
709,18,2,23771.06,1,5,5,1,4,1,2025-09-23
710,31,2,80446.85,2,5,3,2,1,5,2026-04-11
711,40,2,58165.26,2,5,3,1,5,5,2025-01-07
712,72,1,53549.3,2,4,1,1,5,4,2025-08-23
713,69,1,46826.21,2,3,4,3,4,5,2024-12-25
714,48,3,60987.04,1,3,2,4,2,5,2025-09-23
715,63,3,54435.48,2,5,1,1,1,4,2026-02-13
716,65,1,71549.53,1,4,1,3,3,1,2024-07-31
717,46,1,56713.41,4,3,1,1,2,3,2025-11-06
718,20,3,57254.53,2,2,4,2,5,3,2026-03-26
719,57,2,49545.82,1,3,4,3,4,3,2024-12-15
720,48,2,54145.82,2,4,1,1,4,3,2025-05-24
721,39,3,59617.03,1,3,3,4,1,4,2024-12-22
722,30,3,29347.47,1,2,2,4,3,4,2025-09-25
723,29,2,34777.22,2,1,5,4,5,2,2025-03-09
724,37,3,66148.96,1,1,5,2,3,4,2025-01-04
725,74,2,57562.98,3,1,1,5,3,4,2025-03-04
726,38,2,52240.25,4,5,2,5,5,2,2025-10-19
727,57,2,55276.51,1,1,1,2,3,1,2024-12-11
728,66,3,60213.73,1,4,1,3,5,3,2025-06-30
729,46,3,46903.6,4,1,4,4,2,1,2024-08-02
730,36,2,43325.43,4,1,3,1,1,3,2024-09-22
731,73,2,57937.68,3,1,1,5,5,2,2025-03-18
732,60,3,40324.41,3,5,1,4,2,1,2025-09-24
733,67,2,61123.79,2,1,3,5,4,3,2026-04-26
734,74,3,29461.25,1,2,2,2,3,3,2025-02-14
735,20,1,70437.33,4,2,5,3,1,3,2025-10-04
736,64,3,62088.96,4,4,3,5,3,5,2025-11-28
737,57,1,58840.45,4,2,3,1,3,3,2026-03-28
738,55,2,69740.36,3,5,1,5,3,3,2024-09-08
739,53,2,79982.12,3,3,5,5,1,4,2025-08-17
740,19,2,70215.55,1,3,5,3,4,3,2025-07-12
741,58,1,27386.89,1,2,2,3,1,3,2024-12-15
742,54,1,35806.35,2,5,5,4,4,3,2025-03-07
743,37,3,45627.72,1,3,1,3,5,5,2025-06-25
744,63,3,55391.37,3,3,1,4,4,2,2026-02-02
745,31,2,62764.89,4,3,5,4,4,4,2024-04-26
746,67,3,44113.84,3,1,1,1,1,1,2024-12-18
747,22,3,57801.5,3,1,4,5,3,2,2024-12-04
748,28,1,43669.26,1,4,4,5,5,5,2024-10-06
749,51,3,45827.23,1,4,2,5,1,2,2025-03-25
750,38,3,33900.08,1,1,1,3,1,5,2025-12-27
751,43,3,41151.5,3,1,3,2,5,1,2025-07-20
752,61,1,34724.73,1,4,2,5,3,5,2025-08-10
753,31,1,40361.9,1,2,5,2,3,5,2025-09-16
754,54,1,70804.63,3,2,5,5,5,3,2025-01-01
755,67,3,40759.02,1,4,4,1,5,4,2025-04-22
756,71,3,94485.73,1,5,2,3,1,5,2025-04-04
757,46,1,62399.77,2,4,2,3,5,1,2025-04-04
758,36,2,57772.54,2,1,3,5,4,4,2025-10-02
759,53,1,42124.63,1,1,3,2,2,1,2024-10-08
760,45,2,65504.65,1,2,1,1,2,2,2025-05-28
761,72,2,46365.43,3,2,1,3,2,3,2025-04-28
762,33,1,56830.15,3,1,4,3,4,2,2026-01-02
763,41,2,93401.27,4,5,2,1,2,3,2026-03-26
764,36,3,53559.1,4,4,1,5,5,1,2026-01-04
765,22,3,72239.1,3,5,4,5,3,2,2025-11-18
766,47,1,44452.35,1,5,5,4,2,5,2024-09-04
767,32,3,54475.17,4,3,5,4,4,4,2025-09-19
768,22,1,81562.01,1,1,3,5,3,3,2024-06-30
769,18,2,45595.49,3,5,5,2,5,3,2024-12-02
770,53,3,82186.73,3,3,1,1,1,1,2025-05-31
771,60,1,65616.28,3,5,3,3,5,1,2025-09-23
772,48,2,46563.0,4,3,4,5,1,4,2025-08-30
773,36,1,64486.12,1,3,3,2,3,1,2025-08-19
774,62,1,69588.32,4,4,2,2,2,3,2025-01-11
775,19,3,64327.15,1,5,5,2,3,5,2024-07-07
776,66,2,31446.63,4,2,2,5,3,5,2026-01-21
777,62,3,44092.94,4,3,1,5,3,5,2025-11-30
778,25,2,51287.22,3,3,5,5,2,5,2024-10-25
779,53,1,53883.5,2,5,4,3,5,3,2025-09-30
780,25,1,64310.08,2,4,5,1,2,3,2024-12-23
781,62,3,57665.52,4,2,4,1,3,3,2024-10-17
782,20,1,34969.83,4,4,5,2,5,1,2026-01-12
783,20,3,60702.97,2,1,2,2,4,3,2024-09-27
784,74,3,64158.79,3,4,4,1,4,1,2024-08-18
785,26,1,63396.86,4,4,2,5,5,3,2024-05-14
786,59,3,71211.71,1,5,1,5,1,5,2024-05-31
787,45,1,67508.83,3,4,1,1,4,3,2024-11-02
788,75,1,61887.7,1,4,4,5,3,4,2025-04-30
789,63,3,53947.51,4,3,1,2,2,1,2025-08-13
790,30,1,30085.59,4,1,5,2,4,4,2026-02-15
791,68,1,61444.27,1,1,4,1,2,2,2025-12-13
792,19,3,58115.32,4,5,3,4,1,2,2024-06-21
793,50,1,59073.68,2,4,3,4,2,1,2025-04-14
794,41,2,35848.77,1,2,2,2,2,5,2025-03-13
795,62,1,38784.15,3,1,4,5,1,1,2026-03-15
796,32,1,70797.29,1,3,2,2,2,4,2025-08-28
797,33,3,54406.67,2,4,4,5,4,4,2025-07-17
798,66,3,65222.51,1,5,1,4,2,1,2024-09-24
799,71,3,55424.78,3,2,3,3,1,3,2025-11-04
800,30,3,55446.34,4,3,4,3,4,3,2025-10-18
801,70,2,69074.26,2,1,1,2,3,4,2025-02-18
802,24,1,47259.33,2,4,5,1,2,4,2025-05-14
803,56,1,56441.81,2,4,1,3,5,1,2025-03-02
804,65,2,48065.87,2,2,4,1,3,4,2024-11-01
805,50,1,48482.56,4,1,4,2,4,4,2024-08-18
806,23,1,50362.42,1,5,5,3,3,3,2025-09-17
807,25,2,58332.01,4,2,4,4,2,2,2025-10-12
808,68,1,47818.77,2,4,1,3,2,3,2024-04-30
809,75,3,73836.34,3,3,1,5,4,2,2026-03-20
810,66,3,41580.89,4,1,3,5,3,2,2025-11-30
811,73,2,52196.93,4,1,1,2,1,5,2026-02-23
812,55,1,48404.03,3,5,4,3,2,4,2025-12-15
813,73,2,76704.67,3,5,3,1,5,3,2026-03-14
814,52,1,57948.32,2,2,2,5,4,1,2024-07-17
815,60,1,70477.67,3,2,4,3,4,1,2025-12-21
816,58,3,32716.59,2,2,1,1,4,1,2025-03-22
817,61,2,59005.75,1,2,2,2,4,5,2024-10-12
818,58,3,68344.46,2,3,1,5,1,3,2024-09-09
819,69,2,56234.26,1,3,4,5,2,5,2026-01-10
820,57,1,70982.21,1,4,1,4,3,1,2025-10-18
821,32,2,47240.67,4,5,3,4,1,4,2025-06-02
822,28,2,76140.21,2,4,5,2,5,3,2025-04-21
823,26,1,89483.47,3,4,3,3,1,4,2024-06-04
824,64,2,49557.42,4,1,4,5,5,5,2025-07-02
825,63,2,48317.46,1,1,1,5,2,2,2024-11-05
826,53,2,76800.77,4,4,5,4,5,2,2026-04-08
827,24,3,78693.58,4,1,4,2,5,5,2026-02-13
828,48,1,47157.1,1,4,3,2,2,2,2024-07-29
829,69,1,48697.2,4,2,1,2,5,4,2025-04-15
830,61,2,50773.23,4,4,1,2,5,5,2024-08-07
831,56,2,34833.24,3,1,3,5,5,2,2026-01-08
832,48,2,41220.22,3,2,3,1,2,5,2025-04-21
833,61,1,39937.89,4,2,4,3,5,3,2025-09-26
834,58,2,43483.04,3,4,3,5,5,2,2025-06-12
835,53,3,54479.73,1,5,4,4,1,4,2025-07-04
836,64,1,58513.22,4,1,1,4,2,2,2025-08-01
837,42,3,78257.51,4,1,4,5,3,4,2024-12-28
838,39,2,40024.69,1,3,1,5,2,1,2025-12-03
839,71,1,69764.84,3,2,2,5,5,1,2026-03-19
840,67,3,51790.17,2,5,4,1,5,2,2025-04-04
841,36,2,54258.04,1,2,2,4,1,3,2025-08-14
842,66,3,65122.29,2,1,1,1,1,1,2026-01-19
843,62,3,38159.17,1,3,2,5,3,1,2025-11-05
844,66,1,60736.15,4,2,3,3,5,1,2026-03-19
845,23,2,57496.78,4,2,5,4,1,5,2025-05-23
846,64,2,62386.77,4,3,4,5,1,2,2025-03-23
847,18,2,59337.53,3,1,5,2,3,4,2026-01-31
848,70,1,91829.5,4,3,1,4,3,5,2026-03-31
849,25,1,45433.9,4,4,5,2,3,4,2025-06-25
850,40,1,47035.05,1,5,5,4,3,4,2025-04-07
851,47,2,45652.89,3,3,1,1,1,2,2026-03-23
852,42,1,46667.84,4,5,3,3,4,4,2024-08-27
853,18,2,45439.19,1,1,3,4,4,1,2025-11-24
854,43,3,72835.25,2,3,1,5,4,4,2026-02-24
855,39,2,76307.56,1,4,2,4,3,2,2025-04-29
856,54,2,46438.81,4,3,4,5,1,2,2025-04-10
857,42,2,42514.67,1,3,2,1,4,5,2024-11-13
858,63,2,62071.23,2,5,2,2,2,5,2025-11-30
859,28,1,46716.65,2,1,3,4,4,4,2024-11-04
860,40,1,64493.98,4,1,4,5,1,3,2026-02-07
861,51,2,58043.85,2,2,3,2,1,3,2025-09-03
862,34,2,32263.84,4,2,4,1,2,4,2024-11-27
863,65,3,78212.58,1,2,4,4,3,4,2025-12-11
864,19,2,81938.17,4,3,3,5,5,2,2025-12-21
865,23,2,45808.17,2,2,4,1,4,5,2025-06-04
866,57,3,49184.48,3,3,4,5,4,5,2025-05-07
867,36,2,59287.98,2,1,4,5,3,1,2025-08-25
868,40,2,60016.85,2,4,3,5,1,3,2024-10-28
869,24,2,64878.16,1,5,5,3,4,1,2024-11-25
870,65,3,85153.07,1,3,4,4,2,3,2025-04-02
871,39,2,52345.79,3,3,4,1,3,4,2024-06-25
872,60,3,43025.54,1,1,4,4,1,4,2025-11-01
873,45,1,34310.21,1,2,5,3,4,2,2024-12-03
874,68,2,44036.05,4,2,2,3,1,2,2024-10-25
875,74,1,54503.1,3,5,3,2,1,3,2024-11-23
876,44,3,81918.37,1,2,5,3,4,2,2025-01-11
877,22,2,47235.83,3,3,5,1,5,5,2024-12-30
878,24,1,58356.82,1,5,2,4,1,5,2026-03-20
879,21,3,54753.66,1,2,4,2,3,4,2025-06-19
880,36,2,72825.9,3,3,5,4,3,1,2024-06-27
881,71,2,92903.99,4,2,2,3,2,5,2024-08-11
882,69,2,47036.97,4,1,2,3,5,2,2024-08-21
883,20,3,47658.41,3,4,3,5,2,1,2024-10-22
884,69,2,70662.41,2,5,3,1,2,4,2025-02-17
885,35,2,65228.37,2,1,3,2,4,1,2025-10-17
886,72,3,82700.61,1,1,1,4,1,3,2024-08-22
887,20,2,63758.92,3,4,4,2,1,5,2025-10-26
888,48,3,49610.62,1,5,4,4,3,4,2024-10-09
889,35,2,63859.82,1,2,4,4,3,2,2024-06-14
890,68,2,71630.55,3,2,3,1,1,5,2025-03-14
891,61,1,67307.23,3,1,3,4,4,2,2025-03-08
892,41,3,62609.11,2,1,5,3,1,5,2025-01-08
893,71,1,71000.12,1,3,4,5,3,1,2025-06-21
894,40,2,72539.43,3,5,4,5,3,2,2025-04-22
895,35,2,75732.38,2,3,1,2,3,1,2025-03-14
896,29,3,64730.65,4,1,4,2,5,1,2024-06-13
897,61,3,52493.23,4,4,4,1,1,5,2024-10-03
898,75,3,57200.71,3,1,3,5,3,2,2026-02-01
899,33,1,73097.63,3,5,5,1,2,4,2025-03-18
900,43,3,42745.96,4,5,4,2,2,1,2025-02-22
901,43,3,60530.1,3,3,4,5,2,5,2026-03-29
902,42,1,49099.92,2,2,5,1,2,2,2025-12-14
903,64,2,55431.17,1,2,1,3,3,5,2025-07-23
904,57,3,74176.78,2,5,2,5,2,2,2025-10-18
905,35,3,57866.49,1,5,5,3,4,1,2024-05-11
906,54,2,55696.55,1,1,2,5,4,5,2026-02-20
907,49,3,34602.16,4,4,5,2,1,3,2026-03-11
908,50,2,66193.8,2,2,2,3,1,5,2025-12-11
909,64,2,64682.26,3,5,1,2,5,4,2025-07-17
910,25,3,87448.82,3,3,5,2,1,3,2025-02-15
911,27,2,50383.33,4,3,4,5,1,3,2025-05-01
912,69,1,58287.25,4,3,1,2,5,4,2024-04-30
913,57,3,58740.76,3,2,1,3,1,1,2025-01-24
914,41,2,78661.8,1,1,5,4,1,5,2024-12-13
915,75,1,53570.57,1,1,3,4,4,3,2025-12-02
916,46,3,59185.32,2,4,4,5,5,4,2025-02-22
917,41,2,64118.45,1,3,5,2,4,4,2026-02-17
918,73,3,57799.14,1,3,2,5,5,5,2026-03-19
919,60,2,48303.5,1,4,1,2,1,3,2026-02-04
920,69,3,57911.35,1,5,2,3,1,4,2025-03-17
921,32,2,71104.48,3,4,4,1,4,1,2025-06-18
922,68,1,39602.27,1,3,1,3,4,2,2025-11-27
923,68,2,56994.55,4,4,3,1,3,2,2025-11-17
924,22,2,44498.19,2,4,3,5,1,1,2025-06-24
925,44,1,72925.7,1,1,5,5,1,5,2026-01-07
926,71,3,32152.2,4,3,3,1,1,1,2025-08-07
927,31,3,46616.17,3,2,4,3,4,2,2026-03-24
928,49,1,60658.18,4,1,1,4,2,1,2024-10-14
929,18,2,78482.86,2,3,3,4,3,3,2025-05-10
930,49,2,54013.75,2,3,5,3,1,2,2024-10-13
931,49,3,46672.01,2,2,4,4,2,3,2024-11-23
932,68,3,83217.36,1,1,3,3,5,4,2025-03-30
933,51,2,33279.79,4,5,1,3,4,2,2025-05-08
934,38,3,22017.91,1,3,4,3,2,4,2024-05-18
935,20,3,61600.22,3,4,2,1,3,1,2025-02-22
936,40,3,47469.19,4,2,4,1,2,4,2025-01-12
937,32,1,39681.51,2,1,2,5,5,4,2025-09-27
938,31,1,65625.35,2,1,4,4,3,5,2025-10-05
939,36,1,58657.01,4,2,5,4,3,4,2026-01-05
940,23,3,46538.82,3,5,4,4,4,2,2025-03-06
941,46,1,35795.43,4,2,2,4,3,2,2025-11-09
942,64,2,68086.86,2,2,2,1,1,1,2024-09-01
943,26,2,64753.02,1,5,2,1,5,4,2026-02-07
944,43,1,53512.36,4,4,2,5,1,1,2025-04-24
945,58,2,82699.55,1,1,3,3,1,3,2026-04-10
946,68,2,38948.73,1,5,3,2,2,5,2024-08-03
947,27,1,32117.12,4,3,5,4,5,1,2025-08-22
948,55,3,44621.38,4,2,2,2,1,3,2025-06-14
949,64,1,54316.21,2,5,1,1,4,5,2024-05-16
950,24,3,58650.09,2,3,3,1,2,4,2026-03-31
951,37,2,51381.46,1,5,2,5,2,2,2025-02-26
952,67,3,60280.83,1,1,2,4,2,3,2025-07-29
953,50,2,36226.91,3,3,2,5,5,1,2025-07-08
954,57,3,76656.47,1,4,2,5,2,1,2025-09-22
955,70,2,53767.73,1,3,2,4,3,4,2024-05-17
956,40,2,71759.44,2,2,1,2,3,2,2024-06-30
957,27,1,60140.88,3,1,2,1,1,2,2025-09-07
958,44,1,61851.3,4,5,2,4,1,2,2025-03-24
959,44,1,63546.51,4,1,1,5,3,1,2024-08-09
960,29,1,61715.63,2,5,5,5,1,2,2026-02-28
961,24,2,64640.84,3,2,5,1,4,4,2025-04-19
962,71,1,74937.29,3,5,3,5,3,3,2024-09-14
963,33,1,57947.82,1,3,5,3,1,1,2024-06-04
964,46,3,65635.06,1,4,4,1,4,3,2024-11-14
965,60,2,53653.96,4,1,1,3,1,2,2025-02-14
966,40,1,76601.76,1,1,5,4,1,2,2025-01-05
967,21,2,44854.12,2,2,4,3,4,5,2024-10-07
968,53,1,82014.11,1,3,1,1,2,1,2025-04-14
969,59,1,54397.63,3,5,4,5,1,4,2025-01-04
970,28,2,33538.37,3,3,5,4,5,5,2025-01-13
971,74,2,56921.57,3,5,1,4,5,2,2025-12-08
972,42,2,44784.23,1,1,3,2,3,4,2026-03-10
973,68,3,67609.65,4,2,2,1,1,1,2025-02-14
974,75,2,45210.64,1,4,2,4,4,1,2024-11-28
975,75,1,48307.25,2,1,4,4,5,5,2025-12-01
976,32,1,26656.89,2,5,3,3,3,2,2026-02-01
977,45,1,48215.41,2,4,2,4,1,2,2025-03-19
978,27,3,18641.81,2,1,2,4,1,2,2024-11-07
979,64,2,31241.46,1,1,4,4,4,4,2026-02-03
980,44,3,66406.22,1,1,3,4,2,1,2024-06-28
981,38,3,66787.0,2,2,4,5,1,1,2025-04-26
982,40,2,61381.86,2,1,4,1,4,1,2024-05-11
983,62,1,40495.36,2,2,1,2,3,5,2025-11-28
984,42,2,54284.33,3,3,2,2,1,3,2025-06-18
985,70,2,54945.96,1,4,4,2,3,3,2024-06-05
986,35,3,37624.53,4,5,1,3,4,4,2025-01-22
987,51,3,77550.97,2,2,1,2,5,4,2024-10-17
988,30,3,68160.43,1,4,5,2,3,2,2025-09-12
989,60,2,51685.54,4,5,1,4,2,2,2024-06-18
990,55,2,55403.29,3,2,4,1,2,5,2025-12-23
991,51,3,58125.74,2,4,4,2,2,3,2025-09-14
992,51,2,24373.98,2,3,3,2,1,4,2024-05-27
993,30,3,51292.34,2,3,5,3,1,1,2025-12-02
994,67,3,44770.24,4,5,1,1,4,4,2024-05-20
995,40,2,39975.7,1,3,2,1,2,1,2024-11-04
996,49,3,50783.5,1,4,1,5,3,4,2024-09-27
997,60,2,81965.3,3,4,3,3,3,5,2026-02-06
998,44,2,64612.64,2,3,1,5,1,1,2024-05-11
999,25,2,46432.32,4,3,4,5,2,2,2025-08-21
1000,45,2,63588.74,1,1,3,1,3,2,2024-08-22
